{
    "P2GM453B001": {
        "type": "RVC",
        "sn": "P2GM453B001",
        "sensor_name": "DP5330",
        "select_camera": "CameraID_0",
        "frame_pose": [
            [
                0.98779751,
                -0.106145105,
                -0.113970697,
                89.0940041
            ],
            [
                -0.149448967,
                -0.44006728,
                -0.885441017,
                558.270761
            ],
            [
                0.0438304554,
                0.891669235,
                -0.45056064,
                208.785103
            ],
            [
                0.0,
                0.0,
                0.0,
                1.0
            ]
        ],
        "post_process_config": {
            "crop_by_plane": {
                "crop_distance_range_mm": [
                    10,
                    1000
                ],
                "enable": true,
                "plane_center_mm": [
                    89.82540893554688,
                    108.53805541992189,
                    -94.69277191162121
                ],
                "plane_normal": [
                    0.29179602861404413,
                    -0.2660718262195587,
                    0.9187278747558594
                ]
            },
            "dbscan_removal": {
                "distance_threshold_mm": 3,
                "min_points": 3,
                "min_num_cluster": 10000
            }
        },
        "capture_options": {
            "capture_mode": "CaptureMode_Normal",
            "confidence_threshold": 0.0,
            "exposure_time_2d": 11,
            "exposure_time_3d": 11,
            "gain_2d": 0.0,
            "gain_3d": 0.0,
            "gamma_2d": 1.0,
            "gamma_3d": 1.0,
            "hdr_exposure_times": 0,
            "light_contrast_threshold": 3,
            "phase_filter_range": 0,
            "projector_brightness": 240,
            "scan_times": 2,
            "use_projector_capturing_2d_image": true,
            "hdr_exposuretime_content_1": 11,
            "hdr_exposuretime_content_2": 20,
            "hdr_exposuretime_content_3": 50,
            "hdr_gain_3d_1": 0,
            "hdr_gain_3d_2": 0,
            "hdr_gain_3d_3": 0,
            "hdr_projector_brightness_1": 240,
            "hdr_projector_brightness_2": 240,
            "hdr_projector_brightness_3": 240,
            "hdr_scan_times_1": 2,
            "hdr_scan_times_2": 2,
            "hdr_scan_times_3": 2
        }
    },
    "file_P2GM453B001": {
        "type": "File",
        "sensor_name": "RVC",
        "sn": "file_P2GM453B001",
        "post_process_config": {
            "crop_by_plane": {
                "crop_distance_range_mm": [
                    10,
                    1000
                ],
                "enable": true,
                "plane_center_mm": [
                    121.69945526123047,
                    75.36859130859375,
                    35.05228805541992
                ],
                "plane_normal": [
                    -0.006773656477628518,
                    0.017440263604736973,
                    0.9998249620725221
                ]
            },
            "dbscan_removal": {
                "distance_threshold_mm": 1,
                "min_points": 5,
                "min_num_cluster": 100000
            }
        },
        "frame_pose": [
            [
                1.0,
                0.0,
                0.0,
                0.0
            ],
            [
                0.0,
                1.0,
                0.0,
                0.0
            ],
            [
                0.0,
                0.0,
                1.0,
                0.0
            ],
            [
                0.0,
                0.0,
                0.0,
                1.0
            ]
        ],
        "intrinsic_matrix": [
            [
                3567.550048828125,
                0.0,
                1236.3238525390625
            ],
            [
                0.0,
                3567.724853515625,
                1039.1087646484375
            ],
            [
                0.0,
                0.0,
                1.0
            ]
        ],
        "distortion": [
            -0.0817466750741005,
            0.32718876004219055,
            -0.7171556353569031,
            -0.0009933279361575842,
            0.00018277716299053282
        ],
        "extrinsic_matrix": [
            [
                -0.9893519282341003,
                -0.007461852859705687,
                0.14535169303417206,
                111.41663789749146
            ],
            [
                -0.007521664723753929,
                0.9999716877937317,
                0.00013806758215650916,
                -71.04718685150146
            ],
            [
                -0.14534860849380493,
                -0.000956689240410924,
                -0.9893800616264343,
                660.4133248329163
            ],
            [
                0.0,
                0.0,
                0.0,
                1.0
            ]
        ],
        "data_dir": "/home/rvbust/Rvbust/Data/sensor/P2GM453B001/",
        "unit": "mm"
    },
    "G1GM150B010": {
        "post_process_config": {
            "crop_by_plane": {
                "crop_distance_range_mm": [
                    10,
                    1500
                ],
                "enable": true,
                "plane_center_mm": [
                    72.10713958740234,
                    -84.27320098876953,
                    1379.1700439453125
                ],
                "plane_normal": [
                    0.20535990661682174,
                    0.021901304592100254,
                    -0.9784414349420687
                ]
            },
            "dbscan_removal": {
                "distance_threshold_mm": 3,
                "min_points": 3,
                "min_num_cluster": 100
            }
        },
        "sensor_name": "RVC"
    },
    "P2GM453B002": {
        "type": "RVC",
        "sn": "P2GM453B002",
        "sensor_name": "RVC-DP5460",
        "select_camera": "CameraID_0",
        "frame_pose": [
            [
                0.104451758,
                0.322897097,
                -0.940652571,
                675.374047
            ],
            [
                0.993295643,
                0.0132374459,
                0.114841347,
                -94.2604555
            ],
            [
                0.0495337752,
                -0.946341481,
                -0.319349606,
                173.788862
            ],
            [
                0.0,
                0.0,
                0.0,
                -1.0
            ]
        ],
        "post_process_config": {
            "crop_by_box": {
                "pose": [
                    [
                        0.0599763753,
                        -0.998120625,
                        0.0125738007,
                        -80.6739418
                    ],
                    [
                        0.311198944,
                        0.00672808212,
                        -0.950320976,
                        -25.9209778
                    ],
                    [
                        0.948450387,
                        0.0609097538,
                        0.311017616,
                        59.3212031
                    ],
                    [
                        -0.0,
                        -0.0,
                        -0.0,
                        -1.0
                    ]
                ],
                "extends_xyz": [
                    300,
                    300,
                    150
                ]
            },
            "dbscan_removal": {
                "distance_threshold_mm": 3,
                "min_points": 3,
                "min_num_cluster": 10000
            }
        },
        "capture_options": {
            "capture_mode": "CaptureMode_Normal",